<DemogFormDesign xmlns:xsi="http://www.w3.org/2001/XMLSchema-instance" xmlns:xsd="http://www.w3.org/2001/XMLSchema" ID="226.1000043" baseURI="www.cap.org/eCC/SDC/IHE" xmlns="urn:ihe:qrph:sdc:2016">
	<Body ID="226.1000043">
		<ChildItems>
			<Section order="21" ID="37508.100004300" title="Demographic Information" minCard="0">
				<ChildItems>
					<Question order="23" ID="37333.100004300" title="Date/Time of Report">
						<ResponseField order="24">
							<Response>
								<string order="26" maxLength="80" />
							</Response>
						</ResponseField>
					</Question>
					<Section order="27" ID="37516.100004300" title="Patient">
						<ChildItems>
							<Question order="29" ID="37385.100004300" title="Patient's First Name">
								<ResponseField order="30">
									<Response>
										<string order="32" maxLength="80" />
									</Response>
								</ResponseField>
							</Question>
							<Question order="33" ID="37386.100004300" title="Patient's Last Name">
								<ResponseField order="34">
									<Response>
										<string order="36" maxLength="80" />
									</Response>
								</ResponseField>
							</Question>
							<Question order="37" ID="37387.100004300" title="Patient's Middle Name">
								<ResponseField order="38">
									<Response>
										<string order="40" maxLength="4000" />
									</Response>
								</ResponseField>
							</Question>
							<Question order="41" ID="37478.100004300" title="Patient's Street Address">
								<ResponseField order="42">
									<Response>
										<string order="44" maxLength="80" />
									</Response>
								</ResponseField>
							</Question>
							<Question order="45" ID="37479.100004300" title="Patient's City" minCard="0">
								<ListField>
									<List>
										<ListItem order="48" ID="37535.100004300" title="Atlanta" omitWhenSelected="true" />
										<ListItem order="49" ID="37537.100004300" title="Chicago" />
										<ListItem order="50" ID="37758.100004300" title="+ optional answer" mustImplement="false" />
										<ListItem order="51" ID="37538.100004300" title="Minneapolis" />
										<ListItem order="52" ID="37539.100004300" title="Other (specify)">
											<ListItemResponseField order="53" responseRequired="true">
												<Response>
													<string order="55" maxLength="80" />
												</Response>
											</ListItemResponseField>
										</ListItem>
									</List>
								</ListField>
							</Question>
							<Question order="56" ID="37480.100004300" title="Patient's State">
								<ListField>
									<List>
										<ListItem order="59" ID="37540.100004300" title="GA" />
										<ListItem order="60" ID="37541.100004300" title="IL" />
										<ListItem order="61" ID="37542.100004300" title="MN" />
										<ListItem order="62" ID="37544.100004300" title="Other (specify)">
											<ListItemResponseField order="63" responseRequired="true">
												<Response>
													<string order="65" maxLength="80" />
												</Response>
											</ListItemResponseField>
										</ListItem>
									</List>
								</ListField>
							</Question>
							<Question order="66" ID="37481.100004300" title="Patient's Zipcode">
								<ListField>
									<List>
										<ListItem order="69" ID="37543.100004300" title="30301" />
										<ListItem order="70" ID="37546.100004300" title="60609" />
										<ListItem order="71" ID="37549.100004300" title="55401" />
										<ListItem order="72" ID="37550.100004300" title="Other (specify)">
											<ListItemResponseField order="73" responseRequired="true">
												<Response>
													<string order="75" maxLength="80" />
												</Response>
											</ListItemResponseField>
										</ListItem>
									</List>
								</ListField>
							</Question>
							<Question order="76" ID="37488.100004300" title="Patient's Phone Number">
								<ResponseField order="77">
									<Response>
										<string order="79" maxLength="80" />
									</Response>
								</ResponseField>
							</Question>
							<Question order="80" ID="37485.100004300" title="Patient's Date of Birth">
								<ResponseField order="81">
									<Response>
										<string order="83" maxLength="80" />
									</Response>
								</ResponseField>
							</Question>
							<Question order="84" ID="37491.100004300" title="Patient's Medical Record Number" mustImplement="false" minCard="0">
								<ResponseField order="85">
									<Response>
										<string order="87" maxLength="80" />
									</Response>
								</ResponseField>
							</Question>
							<Question order="88" ID="37521.100004300" title="Patient's Social Security Number">
								<ResponseField order="89">
									<Response>
										<string order="91" maxLength="80" />
									</Response>
								</ResponseField>
							</Question>
							<Question order="92" ID="37492.100004300" title="Patient's Race Code">
								<ListField>
									<List>
										<ListItem order="95" ID="37504.100004300" title="American Indian or Alaska Native" />
										<ListItem order="96" ID="37503.100004300" title="Asian" />
										<ListItem order="97" ID="37505.100004300" title="Black or African American" />
										<ListItem order="98" ID="37502.100004300" title="Native Hawaiian/Other Pacific Islander" />
										<ListItem order="99" ID="37507.100004300" title="Not Reported" />
										<ListItem order="100" ID="37590.100004300" title="Unknown" />
										<ListItem order="101" ID="37591.100004300" title="White" />
										<ListItem order="102" ID="37592.100004300" title="Other (specify)">
											<ListItemResponseField order="103" responseRequired="true">
												<Response>
													<string order="105" maxLength="80" />
												</Response>
											</ListItemResponseField>
										</ListItem>
									</List>
								</ListField>
							</Question>
							<Question order="106" ID="37593.100004300" title="Patient's Additional Race Code">
								<ListField>
									<List>
										<ListItem order="109" ID="37594.100004300" title="American Indian or Alaska Native" />
										<ListItem order="110" ID="37595.100004300" title="Asian" />
										<ListItem order="111" ID="37596.100004300" title="Black or African American" />
										<ListItem order="112" ID="37597.100004300" title="Native Hawaiian/Other Pacific Islander" />
										<ListItem order="113" ID="37598.100004300" title="Not Reported" />
										<ListItem order="114" ID="37599.100004300" title="Unknown" />
										<ListItem order="115" ID="37600.100004300" title="White" />
										<ListItem order="116" ID="37601.100004300" title="Other (specify)">
											<ListItemResponseField order="117" responseRequired="true">
												<Response>
													<string order="119" maxLength="80" />
												</Response>
											</ListItemResponseField>
										</ListItem>
									</List>
								</ListField>
							</Question>
							<Question order="120" ID="37487.100004300" title="Patient's Ethnicity Code">
								<ListField maxSelections="0">
									<List>
										<ListItem order="123" ID="37513.100004300" title="Hispanic or Latino" />
										<ListItem order="124" ID="37517.100004300" title="Not Hispanic or Latino" />
										<ListItem order="125" ID="37514.100004300" title="Not Reported" />
										<ListItem order="126" ID="37515.100004300" title="Unknown" />
									</List>
								</ListField>
							</Question>
							<Question order="127" ID="37482.100004300" title="Highest Educational Level">
								<ListField>
									<List>
										<ListItem order="130" ID="37560.100004300" title="Bachelor's Degree" />
										<ListItem order="131" ID="37506.100004300" title="Professional Doctorate or Doctorate Degree" />
										<ListItem order="132" ID="37554.100004300" title="Grade School" />
										<ListItem order="133" ID="37552.100004300" title="Graduation Or Professional Degree" />
										<ListItem order="134" ID="37509.100004300" title="High School Completion or General" />
										<ListItem order="135" ID="37512.100004300" title="Equivalency Diploma (GED) Completion" />
										<ListItem order="136" ID="37510.100004300" title="Master's Degree" />
										<ListItem order="137" ID="37547.100004300" title="No Formal Schooling" />
										<ListItem order="138" ID="37548.100004300" title="Not High School Graduate" />
										<ListItem order="139" ID="37602.100004300" title="Some College or Associates Degree" />
										<ListItem order="140" ID="37545.100004300" title="Other (specify)">
											<ListItemResponseField order="141" responseRequired="true">
												<Response>
													<string order="143" maxLength="80" />
												</Response>
											</ListItemResponseField>
										</ListItem>
									</List>
								</ListField>
							</Question>
							<Question order="144" ID="37511.100004300" title="Patient's Gender Code">
								<ListField>
									<List>
										<ListItem order="147" ID="37518.100004300" title="Ambiguous" />
										<ListItem order="148" ID="37519.100004300" title="Female" />
										<ListItem order="149" ID="37520.100004300" title="Male" />
										<ListItem order="150" ID="37574.100004300" title="FTM female to male transsexual" />
										<ListItem order="151" ID="37575.100004300" title="MTF male to female transsexual" />
										<ListItem order="152" ID="37522.100004300" title="Other (specify)">
											<ListItemResponseField order="153" responseRequired="true">
												<Response>
													<string order="155" maxLength="80" />
												</Response>
											</ListItemResponseField>
										</ListItem>
										<ListItem order="156" ID="37573.100004300" title="Refused to answer" />
									</List>
								</ListField>
							</Question>
						</ChildItems>
					</Section>
				</ChildItems>
			</Section>
		</ChildItems>
	</Body>
	<Footer styleClass="left" ID="Footer.226.1000043">
		<Property name="CopyrightFooter" type="meta" styleClass="copyright" order="350" val="(c) 2016 College of American Pathologists.  All rights reserved.  License required for use." />
	</Footer>
</DemogFormDesign>
