<?xml version="1.0" encoding="UTF-8"?>
<?xml-stylesheet type="text/xsl" href="sdctemplate.xslt"?>

<FormDesign xmlns="urn:ihe:qrph:sdc:2016" xmlns:xsi="http://www.w3.org/2001/XMLSchema-instance" 
    ID="ID=0003/v1.0/">
   <!--baseURI is not valid, is just for example--> 
   <Header styleClass="left" ID="Header.0003.010" title="Lung Cancer Screening Template">
      <Property propName="Copyright" propClass="meta" styleClass="copyright" val="(c) 2016 Cancer Care Ontario.  All rights reserved."/>
      <Property styleClass="float-right" val="CCO Cancer Imaging Program approved"/>
      <Property propName="GenericHeaderText" propClass="meta" styleClass="left" val="High Risk Lung Cancer Screening Summary (Checklist)"/>
      <Property propName="OfficialName" propClass="meta" val="LDCT Lung Cancer Screening Reporting Template"/>
      <Property propName="Category" propClass="meta" val="Thoracic"/>
      <Property propName="Restrictions" propClass="meta" val="Protocol LDCT Lung Cancer Screening."/>
      <Property propName="Required" propClass="meta" val="true"/>
      <Property propName="CTV_Dkey" propClass="meta" val=""/>
      <Property propName="ChecklistCKey" propClass="meta" val=""/>
      <Property propName="VersionID" propClass="meta" val="1.0"/>
      <Property propName="CurrentFileName" propClass="meta" val="LDCT Lung Screening ver 1.0 Connectathon Jan 2017"/>
      <Property propName="ApprovalStatus" propClass="meta" val="0"/>
      <Property propName="EffectiveDate" propClass="meta" val="2016-10-5" styleClass="right"/>
   </Header>
   
   <Body title="LDCT Lung Screening Template" ID="root" styleClass="title">
      <Property propName="Publisher" propClass="Reporttext" val="Cancer Care Ontario"/>
      <Property propName="Version" propClass="Reporttext" val="version 1.0"/>
      <Property propName="ReleaseDate" propClass="Reporttext" val="2016-10-5"/>
      <Contact>
         <Organization>
            <OrgName val="Cancer Care Ontario"/>
            <Email>
               <EmailAddress val="david.kwan@cancercare.on.ca"/>
            </Email>
         </Organization>
      </Contact>
      <ChildItems>
         <Section title="CLINICAL INFORMATION" type="level1" ID="000001">
            <CodedValue>
               <Code val="55752-0"/>
               <CodeText val="Clinical Information"/>
               <CodeSystem>
                  <CodeSystemName val="LOINC"/>
               </CodeSystem>
            </CodedValue>
            <ChildItems>
               <Question title="Clinical Information:" ID="000002">
                  <Property propClass="numbering" val="1."/>
                  <ResponseField>
                     <Response>
                        <string val=""/>
                     </Response>
                  </ResponseField>
               </Question>
               <Question title="Reason for exam:" ID="000004">
                  <Property propClass="numbering" val="2."/>
                  <CodedValue>
                     <Code val="RID10393"/>
                     <CodeText val="imaging purpose"/>
                     <CodeSystem>
                        <CodeSystemName val="RADLEX"/>
                     </CodeSystem>
                  </CodedValue>
                  <ListField>
                     <List>
                        <ListItem title="Baseline scan" ID="000005">
                           <CodedValue>
                              <Code val="RID49571"/>
                              <CodeText val="Baseline"/>
                              <CodeSystem>
                                 <CodeSystemName val="RADLEX"/>
                              </CodeSystem>
                           </CodedValue>
                        </ListItem>
                        <ListItem title="12 month recall" ID="000006">
                           <CodedValue>
                              <Code val="RID50144"/>
                              <CodeText val="12 month follow-up procedure"/>
                              <CodeSystem>
                                 <CodeSystemName val="RADLEX"/>
                              </CodeSystem>
                           </CodedValue>
                        </ListItem>
                        <ListItem title="6 month follow-up" ID="000007">
                           <CodedValue>
                              <Code val="RID50145"/>
                              <CodeText val=" 6 month follow-Up"/>
                              <CodeSystem>
                                 <CodeSystemName val="RADLEX"/>
                              </CodeSystem>
                           </CodedValue>
                        </ListItem>
                        <ListItem title="Other" ID="000008">
                           <ListItemResponseField>
                              <Response>
                                 <string val=""/>
                              </Response>
                           </ListItemResponseField>
                        </ListItem>
                     </List>
                  </ListField>
               </Question>
            </ChildItems>
         </Section>
         <Section title="COMPARISON STUDIES" type="level1" ID="000010">
            <CodedValue>
               <Code val="18834-2"/>
               <CodeText val="Radiology Comparison study"/>
               <CodeSystem>
                  <CodeSystemName val="LOINC"/>
               </CodeSystem>
            </CodedValue>
            <ChildItems>
               <Question title="Comparison Study:" ID="000011">
                  <Property propClass="numbering" val="1."/>
                  <ListField>
                     <List>
                        <ListItem title="None Available" ID="000012"> </ListItem>
                        <ListItem title="Previous CT Exam:" ID="000013">
                           <CodedValue>
                              <Code val="RID28454"/>
                              <CodeText val="comparison image"/>
                              <CodeSystem>
                                 <CodeSystemName val="RADLEX"/>
                              </CodeSystem>
                           </CodedValue>
                           <ChildItems>
                              <Question ID="000014" maxCard="0">
                                 <ResponseField>
                                    <Response>
                                       <date xsi:nil="true"/>
                                    </Response>
                                    <TextAfterResponse val="(dates)"/>
                                 </ResponseField>
                              </Question>
                           </ChildItems>
                        </ListItem>
                     </List>
                  </ListField>
               </Question>
            </ChildItems>
         </Section>
         <Section title="IMAGING PROCEDURE DESCRIPTION" type="level1" ID="000016">
            <CodedValue>
               <Code val="55111-9"/>
               <CodeText val="Current imaging procedure descriptions"/>
               <CodeSystem>
                  <CodeSystemName val="LOINC"/>
               </CodeSystem>
            </CodedValue>
            <ChildItems>
               <Question title="Overall Image Quality:" ID="000017">
                  <Property propClass="numbering" val="1."/>
                  <CodedValue>
                     <Code val="RID10"/>
                     <CodeText val="image quality"/>
                     <CodeSystem>
                        <CodeSystemName val="RADLEX"/>
                     </CodeSystem>
                  </CodedValue>
                  <ListField numCols="3">
                     <DefaultCodeSystem>
                        <CodeSystemName val="RADLEX"/>
                        <OID val="2.16.840.1.113883.6.256"/>
                     </DefaultCodeSystem>
                     <List>
                        <ListItem title="Adequate" ID="000018">
                           <CodedValue>
                              <Code val="RID11"/>
                              <CodeText val="exemplary quality"/>
                           </CodedValue>
                        </ListItem>
                        <ListItem title="Suboptimal" ID="000019">
                           <CodedValue>
                              <Code val="RID13"/>
                              <CodeText val="limited quality"/>
                           </CodedValue>
                        </ListItem>
                        <ListItem title="Non-diagnostic" ID="000020">
                           <CodedValue>
                              <Code val="RID14"/>
                              <CodeText val="non-diagnostic quality"/>
                           </CodedValue>
                        </ListItem>
                     </List>
                  </ListField>
               </Question>
               <Question title="Procedure protocol:" ID="000021">
                  <Property propClass="numbering" val="2."/>
                  <CodedValue>
                     <Code val="RID38760"/>
                     <CodeText val="imaging protocol"/>
                     <CodeSystem>
                        <CodeSystemName val="RADLEX"/>
                     </CodeSystem>
                  </CodedValue>
                  <ListField>
                     <List>
                        <ListItem title="LDCT Study Protocol" ID="000022">
                           <CodedValue>
                              <Code val="RPID1377"/>
                              <CodeText val="CT CHEST LOW DOSE SCREENING"/>
                              <CodeSystem>
                                 <CodeSystemName val="RADLEX"/>
                              </CodeSystem>
                           </CodedValue>
                        </ListItem>
                        <ListItem title="Other" ID="000023">
                           <ListItemResponseField>
                              <Response>
                                 <string val=""/>
                              </Response>
                           </ListItemResponseField>
                        </ListItem>
                     </List>
                  </ListField>
               </Question>
               <Question title="All measurements obtained on axial CT lung reconstruction series:" ID="000025">
                  <Property propClass="numbering" val="3."/>
                  <ResponseField>
                     <Response>
                        <string val=""/>
                     </Response>
                  </ResponseField>
               </Question>
            </ChildItems>
         </Section>
         <Section title="FINDINGS" type="level1" ID="000026">
            <CodedValue>
               <Code val="59776-5"/>
               <CodeText val="Procedure Findings"/>
               <CodeSystem>
                  <CodeSystemName val="LOINC"/>
               </CodeSystem>
            </CodedValue>
            <ChildItems>
               <Section title="Nodules" ID="000027">
                  <Property propClass="numbering" val="A."/>
                  <ChildItems>
                     <Question title="Number of lung nodules present in total:" ID="000028">
                        <Property propClass="numbering" val="1."/>
                        <CodedValue>
                           <Code val="RID50150"/>
                           <CodeText val="Number of pulmonary nodules"/>
                           <CodeSystem>
                              <CodeSystemName val="RADLEX"/>
                           </CodeSystem>
                        </CodedValue>
                        <ResponseField>
                           <Response>
                              <positiveInteger xsi:nil="true"/>
                           </Response>
                        </ResponseField>
                     </Question>
                     <Section ID="000032" title="Nodule:" minCard="0" maxCard="11">
                        <Property propClass="instruction" val="The 10 most dominant nodules (Ã¢â€°Â¥ 4 mm) need to be measured."/>
                        <Property propClass="instruction" val="(If more than 10 nodules please enter 11)"/>
                        <CodedValue>
                           <Code val="RID50149"/>
                           <CodeText val="pulmonary nodule"/>
                           <CodeSystem>
                              <CodeSystemName val="RADLEX"/>
                           </CodeSystem>
                        </CodedValue>
                        <ChildItems>
                           <Question title="Image Number:" ID="000033">
                              <Property propClass="numbering" val="i."/>
                              <ResponseField>
                                 <Response>
                                    <string val=""/>
                                 </Response>
                              </ResponseField>
                           </Question>
                           <Question title="Lobe:" ID="000035">
                              <Property propClass="numbering" val="ii."/>
                              <CodedValue>
                                 <Code val="RID34694"/>
                                 <CodeText val="lobe of lung"/>
                                 <CodeSystem>
                                    <CodeSystemName val="RADLEX"/>
                                 </CodeSystem>
                              </CodedValue>
                              <ListField numCols="6">
                                 <DefaultCodeSystem>
                                    <CodeSystemName val="RADLEX"/>
                                    <OID val="2.16.840.1.113883.6.256"/>
                                 </DefaultCodeSystem>
                                 <List>
                                    <ListItem title="RUL" ID="000036">
                                       <CodedValue>
                                          <Code val="RID1303"/>
                                          <CodeText val="upper lobe of right lung"/>
                                       </CodedValue>
                                    </ListItem>
                                    <ListItem title="RML" ID="000037">
                                       <CodedValue>
                                          <Code val="RID1310"/>
                                          <CodeText val="middle lobe of lung (part of Right lung)"/>
                                       </CodedValue>
                                    </ListItem>
                                    <ListItem title="RLL" ID="000038">
                                       <CodedValue>
                                          <Code val="RID1315"/>
                                          <CodeText val="lower lobe of right lung"/>
                                       </CodedValue>
                                    </ListItem>
                                    <ListItem title="LUL" ID="000039">
                                       <CodedValue>
                                          <Code val="RID1327"/>
                                          <CodeText val="upper lobe of left lung"/>
                                       </CodedValue>
                                    </ListItem>
                                    <ListItem title="Lingula" ID="000040">
                                       <CodedValue>
                                          <Code val="RID1333"/>
                                          <CodeText val="lingula"/>
                                       </CodedValue>
                                    </ListItem>
                                    <ListItem title="LLL" ID="000041">
                                       <CodedValue>
                                          <Code val="RID1338"/>
                                          <CodeText val="lower lobe of left lung"/>
                                       </CodedValue>
                                    </ListItem>
                                 </List>
                              </ListField>
                           </Question>
                           <Question title="Location:" ID="000042">
                              <Property propClass="numbering" val="iii."/>
                              <CodedValue>
                                 <Code val="RID5817"/>
                                 <CodeText val="location descriptor"/>
                                 <CodeSystem>
                                    <CodeSystemName val="RADLEX"/>
                                 </CodeSystem>
                              </CodedValue>
                              <ListField numCols="3">
                                 <DefaultCodeSystem>
                                    <CodeSystemName val="RADLEX"/>
                                    <OID val="2.16.840.1.113883.6.256"/>
                                 </DefaultCodeSystem>
                                 <List>
                                    <ListItem title="Parenchymal" ID="000043">
                                       <CodedValue>
                                          <Code val="RID35739"/>
                                          <CodeText val="lung parenchyma"/>
                                       </CodedValue>
                                    </ListItem>
                                    <ListItem title="Subpleural" ID="000044">
                                       <CodedValue>
                                          <Code val="RID46032"/>
                                          <CodeText val="subpleural"/>
                                       </CodedValue>
                                    </ListItem>
                                    <ListItem title="Fissural" ID="000045">
                                       <CodedValue>
                                          <Code val="RID43257"/>
                                          <CodeText val="pulmonary fissure"/>
                                       </CodedValue>
                                    </ListItem>
                                 </List>
                              </ListField>
                           </Question>
                           <Question title="Attenuation:" ID="000046">
                              <Property propClass="numbering" val="iv."/>
                              <CodedValue>
                                 <Code val="RID6037"/>
                                 <CodeText val="attenuation characteristic"/>
                                 <CodeSystem>
                                    <CodeSystemName val="RADLEX"/>
                                 </CodeSystem>
                              </CodedValue>
                              <ListField>
                                 <List>
                                    <ListItem title="Solid" ID="000047">
                                       <CodedValue>
                                          <Code val="RID50151"/>
                                          <CodeText val="solid pulmonary nodule"/>
                                          <CodeSystem>
                                             <CodeSystemName val="RADLEX"/>
                                          </CodeSystem>
                                       </CodedValue>
                                       <ChildItems>
                                          <Question title="Mean diameter:" ID="000048">
                                             <CodedValue>
                                                <Code val="RID50155"/>
                                                <CodeText val="average diameter"/>
                                                <CodeSystem>
                                                   <CodeSystemName val="RADLEX"/>
                                                </CodeSystem>
                                             </CodedValue>
                                             <ResponseField>
                                                <Response>
                                                   <integer xsi:nil="true"/>
                                                </Response>
                                                <ResponseUnits val="mm"/>
                                             </ResponseField>
                                          </Question>
                                          <Question title="+Length:" ID="000049" minCard="0">
                                             <!-- <CodedValue>
                                                <Code val="RID39123"/>
                                                <CodeText val="length"/>
                                                <CodeSystem>
                                                   <CodeSystemName val="RADLEX"/>
                                                </CodeSystem>
                                             </CodedValue>-->
                                             <ResponseField>
                                                <Response>
                                                   <integer xsi:nil="true"/>
                                                </Response>
                                                <ResponseUnits val="mm"/>
                                             </ResponseField>
                                          </Question>
                                          <Question title="+Width:" ID="000050" minCard="0">
                                             <!--  <CodedValue>
                                                <Code val="RID39144"/>
                                                <CodeText val="width"/>
                                                <CodeSystem>
                                                   <CodeSystemName val="RADLEX"/>
                                                </CodeSystem>
                                             </CodedValue>-->
                                             <ResponseField>
                                                <Response>
                                                   <integer xsi:nil="true"/>
                                                </Response>
                                                <ResponseUnits val="mm"/>
                                             </ResponseField>
                                          </Question>
                                       </ChildItems>
                                    </ListItem>
                                    <ListItem title="Part-solid" ID="000051">
                                       <CodedValue>
                                          <Code val="RID50152"/>
                                          <CodeText val="part-solid pulmonary nodule"/>
                                          <CodeSystem>
                                             <CodeSystemName val="RADLEX"/>
                                          </CodeSystem>
                                       </CodedValue>
                                       <ChildItems>
                                          <Section title="Overall size:" type="level3" ID="000052">
                                             <ChildItems>
                                                <Question title="Mean diameter:" ID="000053">
                                                   <CodedValue>
                                                      <Code val="RID50155"/>
                                                      <CodeText val="average diameter"/>
                                                      <CodeSystem>
                                                         <CodeSystemName val="RADLEX"/>
                                                      </CodeSystem>
                                                   </CodedValue>
                                                   <ResponseField>
                                                      <Response>
                                                         <integer xsi:nil="true"/>
                                                      </Response>
                                                      <ResponseUnits val="mm"/>
                                                   </ResponseField>
                                                </Question>
                                                <Question title="+Length:" ID="000054" minCard="0">
                                                   <!--<CodedValue>
                                                      <Code val="RID39123"/>
                                                      <CodeText val="length"/>
                                                      <CodeSystem>
                                                         <CodeSystemName val="RADLEX"/>
                                                      </CodeSystem>
                                                   </CodedValue>-->
                                                   <ResponseField>
                                                      <Response>
                                                         <integer xsi:nil="true"/>
                                                      </Response>
                                                      <ResponseUnits val="mm"/>
                                                   </ResponseField>
                                                </Question>
                                                <Question title="+Width:" ID="000055" minCard="0">
                                                   <!--<CodedValue>
                                                      <Code val="RID39144"/>
                                                      <CodeText val="width"/>
                                                      <CodeSystem>
                                                         <CodeSystemName val="RADLEX"/>
                                                      </CodeSystem>
                                                   </CodedValue>-->
                                                   <ResponseField>
                                                      <Response>
                                                         <integer xsi:nil="true"/>
                                                      </Response>
                                                      <ResponseUnits val="mm"/>
                                                   </ResponseField>
                                                </Question>
                                             </ChildItems>
                                          </Section>
                                          <Section title="Size of Solid component:" type="level3" ID="000056">
                                             <CodedValue>
                                                <Code val="RID50154"/>
                                                <CodeText val="solid component of part-solid pulmonary nodule"/>
                                                <CodeSystem>
                                                   <CodeSystemName val="RADLEX"/>
                                                </CodeSystem>
                                             </CodedValue>
                                             <ChildItems>
                                                <Question title="Mean diameter:" ID="000057">
                                                   <CodedValue>
                                                      <Code val="RID50155"/>
                                                      <CodeText val="average diameter"/>
                                                      <CodeSystem>
                                                         <CodeSystemName val="RADLEX"/>
                                                      </CodeSystem>
                                                   </CodedValue>
                                                   <ResponseField>
                                                      <Response>
                                                         <integer xsi:nil="true"/>
                                                      </Response>
                                                      <ResponseUnits val="mm"/>
                                                   </ResponseField>
                                                </Question>
                                                <Question title="+Length:" ID="000058" minCard="0">
                                                   <!--<CodedValue>
                                                      <Code val="RID39123"/>
                                                      <CodeText val="length"/>
                                                      <CodeSystem>
                                                         <CodeSystemName val="RADLEX"/>
                                                      </CodeSystem>
                                                   </CodedValue>-->
                                                   <ResponseField>
                                                      <Response>
                                                         <integer xsi:nil="true"/>
                                                      </Response>
                                                      <ResponseUnits val="mm"/>
                                                   </ResponseField>
                                                </Question>
                                                <Question title="+Width:" ID="000059" minCard="0">
                                                   <!--<CodedValue>
                                                      <Code val="RID39144"/>
                                                      <CodeText val="width"/>
                                                      <CodeSystem>
                                                         <CodeSystemName val="RADLEX"/>
                                                      </CodeSystem>
                                                   </CodedValue>-->
                                                   <ResponseField>
                                                      <Response>
                                                         <integer xsi:nil="true"/>
                                                      </Response>
                                                      <ResponseUnits val="mm"/>
                                                   </ResponseField>
                                                </Question>
                                             </ChildItems>
                                          </Section>
                                       </ChildItems>
                                    </ListItem>
                                    <ListItem title="Pure Ground Glass" ID="000060">
                                       <CodedValue>
                                          <Code val="RID50153"/>
                                          <CodeText val="non-solid pulmonary nodule"/>
                                          <CodeSystem>
                                             <CodeSystemName val="RADLEX"/>
                                          </CodeSystem>
                                       </CodedValue>
                                       <ChildItems>
                                          <Question title="Mean diameter:" ID="000061">
                                             <CodedValue>
                                                <Code val="RID50155"/>
                                                <CodeText val="average diameter"/>
                                                <CodeSystem>
                                                   <CodeSystemName val="RADLEX"/>
                                                </CodeSystem>
                                             </CodedValue>
                                             <ResponseField>
                                                <Response>
                                                   <integer xsi:nil="true"/>
                                                </Response>
                                                <ResponseUnits val="mm"/>
                                             </ResponseField>
                                          </Question>
                                          <Question title="+Length:" ID="000062" minCard="0">
                                             <!--<CodedValue>
                                                <Code val="RID39123"/>
                                                <CodeText val="length"/>
                                                <CodeSystem>
                                                   <CodeSystemName val="RADLEX"/>
                                                </CodeSystem>
                                             </CodedValue>-->
                                             <ResponseField>
                                                <Response>
                                                   <integer xsi:nil="true"/>
                                                </Response>
                                                <ResponseUnits val="mm"/>
                                             </ResponseField>
                                          </Question>
                                          <Question title="+Width:" ID="000063" minCard="0">
                                             <!--<CodedValue>
                                                <Code val="RID39144"/>
                                                <CodeText val="width"/>
                                                <CodeSystem>
                                                   <CodeSystemName val="RADLEX"/>
                                                </CodeSystem>
                                             </CodedValue>-->
                                             <ResponseField>
                                                <Response>
                                                   <integer xsi:nil="true"/>
                                                </Response>
                                                <ResponseUnits val="mm"/>
                                             </ResponseField>
                                          </Question>
                                       </ChildItems>
                                    </ListItem>
                                 </List>
                              </ListField>
                           </Question>
                           <Question title="Comparison:" ID="000064">
                              <Property propClass="numbering" val="v."/>
                              <CodedValue>
                                 <Code val="RID28483"/>
                                 <CodeText val="comparison section"/>
                                 <CodeSystem>
                                    <CodeSystemName val="RADLEX"/>
                                 </CodeSystem>
                              </CodedValue>
                              <ListField>
                                 <DefaultCodeSystem>
                                    <CodeSystemName val="RADLEX"/>
                                    <OID val="2.16.840.1.113883.6.256"/>
                                 </DefaultCodeSystem>
                                 <List>
                                    <ListItem title="No Prior Comparison" ID="000065"> </ListItem>
                                    <ListItem title="Stable Nodule" ID="000066">
                                       <CodedValue>
                                          <Code val="RID11514"/>
                                          <CodeText val="stable disease"/>
                                       </CodedValue>
                                    </ListItem>
                                    <ListItem title="New Nodule" ID="000067">
                                       <CodedValue>
                                          <Code val="RID49578"/>
                                          <CodeText val="new diagnosis"/>
                                       </CodedValue>
                                    </ListItem>
                                    <ListItem title="Interval increase in solid component" ID="000068">
                                       <ChildItems>
                                          <Question title="Previous mean diameter:" ID="000069">
                                             <ResponseField>
                                                <Response>
                                                   <positiveInteger xsi:nil="true"/>
                                                </Response>
                                                <ResponseUnits val="mm"/>
                                             </ResponseField>
                                          </Question>
                                          <Question ID="000070">
                                             <ListField>
                                                <List>
                                                   <ListItem title="Compared to most recent CT" ID="000071">
                                                      <CodedValue>
                                                         <Code val="RID50133"/>
                                                         <CodeText val="Most recent comparison"/>
                                                      </CodedValue>
                                                   </ListItem>
                                                   <ListItem title="Compared to:" ID="000072">
                                                      <ListItemResponseField>
                                                         <Response>
                                                            <date xsi:nil="true"/>
                                                         </Response>
                                                         <TextAfterResponse val=" (date)"/>
                                                      </ListItemResponseField>
                                                   </ListItem>
                                                </List>
                                             </ListField>
                                          </Question>
                                       </ChildItems>
                                    </ListItem>
                                    <ListItem title="Interval increase in ground glass component" ID="000074">
                                       <ChildItems>
                                          <Question title="Previous mean diameter:" ID="000075">
                                             <ResponseField>
                                                <Response>
                                                   <positiveInteger xsi:nil="true"/>
                                                </Response>
                                                <ResponseUnits val="mm"/>
                                             </ResponseField>
                                          </Question>
                                       </ChildItems>
                                    </ListItem>
                                    <ListItem title="Interval decreased in size" ID="000076"/>
                                 </List>
                              </ListField>
                           </Question>
                           <Question title="Margins:" ID="000077">
                              <Property propClass="numbering" val="vi"/>
                              <CodedValue>
                                 <Code val="RID5972"/>
                                 <CodeText val="margin"/>
                                 <CodeSystem>
                                    <CodeSystemName val="RADLEX"/>
                                 </CodeSystem>
                              </CodedValue>
                              <ListField numCols="6">
                                 <DefaultCodeSystem>
                                    <CodeSystemName val="RADLEX"/>
                                    <OID val="2.16.840.1.113883.6.256"/>
                                 </DefaultCodeSystem>
                                 <List>
                                    <ListItem title="Spiculated" ID="000078">
                                       <CodedValue>
                                          <Code val="RID5713"/>
                                          <CodeText val="spiculated margin"/>
                                       </CodedValue>
                                    </ListItem>
                                    <ListItem title="Smooth" ID="000079">
                                       <CodedValue>
                                          <Code val="RID5714"/>
                                          <CodeText val="smooth margin"/>
                                       </CodedValue>
                                    </ListItem>
                                    <ListItem title="Lobulated" ID="000080">
                                       <CodedValue>
                                          <Code val="RID5711"/>
                                          <CodeText val="lobulated margin"/>
                                       </CodedValue>
                                    </ListItem>
                                    <ListItem title="Polygonal" ID="000081">
                                       <CodedValue>
                                          <Code val="RID34291"/>
                                          <CodeText val="polygonal"/>
                                       </CodedValue>
                                    </ListItem>
                                    <ListItem title="Halo" ID="000082">
                                       <CodedValue>
                                          <Code val="RID35260"/>
                                          <CodeText val="halo sign of lung"/>
                                       </CodedValue>
                                    </ListItem>
                                    <ListItem title="Obscured" ID="000083">
                                       <CodedValue>
                                          <Code val="RID5710"/>
                                          <CodeText val="obscured margin"/>
                                       </CodedValue>
                                    </ListItem>
                                 </List>
                              </ListField>
                           </Question>
                           <Question title="Calcification:" ID="000084">
                              <Property propClass="numbering" val="vii."/>
                              <CodedValue>
                                 <Code val="RID5196"/>
                                 <CodeText val="calcification"/>
                                 <CodeSystem>
                                    <CodeSystemName val="RADLEX"/>
                                 </CodeSystem>
                              </CodedValue>
                              <ListField numCols="3">
                                 <DefaultCodeSystem>
                                    <CodeSystemName val="RADLEX"/>
                                    <OID val="2.16.840.1.113883.6.256"/>
                                 </DefaultCodeSystem>
                                 <List>
                                    <ListItem title="None" ID="000085">
                                    </ListItem>
                                    <ListItem title="Benign Pattern" ID="000086">
                                       <CodedValue>
                                          <Code val="RID49675"/>
                                          <CodeText val="typically benign calcification"/>
                                       </CodedValue>
                                    </ListItem>
                                    <ListItem title="Indeterminate" ID="000087">
                                       <CodedValue>
                                          <Code val="RID39110"/>
                                          <CodeText val="indeterminate"/>
                                       </CodedValue>
                                    </ListItem>
                                 </List>
                              </ListField>
                           </Question>
                           <Question title="Other characteristics:" ID="000088">
                              <Property propClass="numbering" val="viii."/>
                              <ListField numCols="4">
                                 <DefaultCodeSystem>
                                    <CodeSystemName val="RADLEX"/>
                                    <OID val="2.16.840.1.113883.6.256"/>
                                 </DefaultCodeSystem>
                                 <List>
                                    <ListItem title="None" ID="000089">
                                    </ListItem>
                                    <ListItem title="Fat" ID="000090">
                                       <CodedValue>
                                          <Code val="RID5878"/>
                                          <CodeText val="fatty"/>
                                       </CodedValue>
                                    </ListItem>
                                    <ListItem title="Cavitation" ID="000091">
                                       <CodedValue>
                                          <Code val="RID46014"/>
                                          <CodeText val="cavitated"/>
                                       </CodedValue>
                                    </ListItem>
                                    <ListItem title="Other" ID="000092">
                                       <ListItemResponseField>
                                          <Response>
                                             <string val=""/>
                                          </Response>
                                       </ListItemResponseField>
                                    </ListItem>
                                 </List>
                              </ListField>
                           </Question>
                           <Question title="+Other comments:" ID="000094">
                              <Property propClass="numbering" val="ix."/>
                              <ResponseField>
                                 <Response>
                                    <string val=""/>
                                 </Response>
                              </ResponseField>
                           </Question>
                           <DisplayedItem title="If there are additional nodules, please repeat Nodule Section for nodules 2-10 " ID="000096"/>
                        </ChildItems>
                     </Section>
                     <Question title="+Other comments" ID="000097" minCard="0">
                        <ResponseField>
                           <Response>
                              <string val=""/>
                           </Response>
                        </ResponseField>
                     </Question>
                  </ChildItems>
               </Section>
               <Section title="Incidental Findings" ID="000098">
                  <Property type="numbering" val="B."/>
                  <CodedValue>
                     <Code val="RID50142"/>
                     <CodeText val="Incidental Finding"/>
                  </CodedValue>
                  <ChildItems>
                     <Question ID="Q4.B">
                        <ListField maxSelections="0">
                           <DefaultCodeSystem>
                              <CodeSystemName val="RADLEX"/>
                              <OID val="2.16.840.1.113883.6.256"/>
                           </DefaultCodeSystem>
                           <List>
                              <ListItem title="Lung or Pleura:" ID="000100">
                                 <Property propClass="numbering" val="1."/>
                                 <CodedValue>
                                    <Code val="RID1301"/>
                                    <CodeText val="Lung"/>
                                 </CodedValue>
                                 <ListItemResponseField>
                                    <Response>
                                       <string val=""/>
                                    </Response>
                                 </ListItemResponseField>
                              </ListItem>
                              <ListItem title="Mediastinum and Hila:" ID="000102">
                                 <Property propClass="numbering" val="2."/>
                                 <CodedValue>
                                    <Code val="RID1384"/>
                                    <CodeText val="Mediastinum"/>
                                 </CodedValue>
                                 <ListItemResponseField>
                                    <Response>
                                       <string val=""/>
                                    </Response>
                                 </ListItemResponseField>
                              </ListItem>
                              <ListItem title="Chest Wall and Axilla:" ID="000104">
                                 <Property propClass="numbering" val="3."/>
                                 <CodedValue>
                                    <Code val="RID2468"/>
                                    <CodeText val="Chest Wall"/>
                                 </CodedValue>
                                 <ListItemResponseField>
                                    <Response>
                                       <string val=""/>
                                    </Response>
                                 </ListItemResponseField>
                              </ListItem>
                              <ListItem title="Bones:" ID="000106">
                                 <Property propClass="numbering" val="4."/>
                                 <CodedValue>
                                    <Code val="RID39064"/>
                                    <CodeText val="Bones"/>
                                 </CodedValue>
                                 <ListItemResponseField>
                                    <Response>
                                       <string val=""/>
                                    </Response>
                                 </ListItemResponseField>
                              </ListItem>
                              <ListItem title="Upper Abdomen:" ID="000108">
                                 <Property propClass="numbering" val="5."/>
                                 <CodedValue>
                                    <Code val="RID29990"/>
                                    <CodeText val="Upper Abdomen"/>
                                 </CodedValue>
                                 <ListItemResponseField>
                                    <Response>
                                       <string val=""/>
                                    </Response>
                                 </ListItemResponseField>
                              </ListItem>
                              <ListItem title="+Other:" ID="000110">
                                 <Property propClass="numbering" val="6."/>
                                 <ChildItems>
                                    <Question ID="Q4.B.6.a">
                                       <ResponseField>
                                          <Response>
                                             <string val=""/>
                                          </Response>
                                       </ResponseField>
                                    </Question>
                                 </ChildItems>
                              </ListItem>
                           </List>
                        </ListField>
                     </Question>
                  </ChildItems>
               </Section>
            </ChildItems>
         </Section>
         <Section title="IMPRESSIONS" type="level1" ID="000131">
            <CodedValue>
               <Code val="19005-8"/>
               <CodeText val="Impressions"/>
               <CodeSystem>
                  <CodeSystemName val="LOINC"/>
               </CodeSystem>
            </CodedValue>
            <ChildItems>
               <Question title="Summary:" ID="000112">
                  <Property propClass="numbering" val="1."/>
                  <CodedValue>
                     <Code val="55112-7"/>
                     <CodeText val="Summary"/>
                     <CodeSystem>
                        <CodeSystemName val="LOINC"/>
                     </CodeSystem>
                  </CodedValue>
                  <ResponseField>
                     <Response>
                        <string val=""/>
                     </Response>
                  </ResponseField>
               </Question>
               <Section title="Lung-Rads Version 1.0 Assessment Category:" type="level2" ID="000114">
                  <Property propClass="instruction" val="The most worrisome nodule described above is assigned a Lung-RADS category"/>
                  <CodedValue>
                     <Code val="RID50134"/>
                     <CodeText val="Lung-RADS assessment"/>
                  </CodedValue>
                  <ChildItems>
                     <Question title="Lung-Rads Version 1.0 Assessment Category:" ID="000115">
                        <Property type="numbering" val="2."/>
                        <ListField>
                           <List>
                              <ListItem title="0 - Additional lung cancer screening CT images and/or comparison to prior chest CT examinations is needed" ID="000116">
                                 <Property propClass="meta" val="Incomplete"/>
                                 <Property propClass="Reporttext" val="-"/>
                                 <Property propClass="Reporttext" val="Additional lung cancer screening CT images and/or comparison to prior chest CT examinations is needed"/>
                                 <CodedValue>
                                    <Code val="RID50135"/>
                                    <CodeText val="Lung-RADS 0"/>
                                 </CodedValue>
                              </ListItem>
                              <ListItem title="1 - Continue annual screening with LDCT in 12 months" ID="000117">
                                 <Property propClass="meta" val="Negative"/>
                                 <Property propClass="Reporttext" val="No nodules and definitely benign nodules"/>
                                 <Property propClass="Reporttext" val="Continue annual screening with LDCT in 12 months"/>
                                 <CodedValue>
                                    <Code val="RID50136"/>
                                    <CodeText val="Lung-RADS 1"/>
                                 </CodedValue>
                              </ListItem>
                              <ListItem title="2 - Continue annual screening with LDCT in 12 months" ID="000118">
                                 <Property propClass="meta" val="Benign Appearance or Behavior"/>
                                 <Property propClass="Reporttext" val="Nodules with a very low 90% likelihood of becoming a clinically active cancer due to size or lack of growth"/>
                                 <Property propClass="Reporttext" val="Continue annual screening with LDCT in 12 months"/>
                                 <CodedValue>
                                    <Code val="RID50137"/>
                                    <CodeText val="Lung-RADS 2"/>
                                 </CodedValue>
                              </ListItem>
                              <ListItem title="3 - LDCT in 6 months" ID="000119">
                                 <Property propClass="meta" val="Probably Benign"/>
                                 <Property propClass="Reporttext" val="Probably benign finding(s)Â â€Â short term follow up suggested; includes nodules with allow likelihood of becoming a clinically active cancer"/>
                                 <Property propClass="Reporttext" val="6 month LDCT"/>
                                 <CodedValue>
                                    <Code val="RID50138"/>
                                    <CodeText val="Lung-RADS 3"/>
                                 </CodedValue>
                              </ListItem>
                              <ListItem title="4A - LDCT in 3 months; PET/CT may be used when there is aÂ â‰¥Â 8 mm solid component" ID="000120">
                                 <Property propClass="meta" val="Suspicious"/>
                                 <Property propClass="Reporttext" val="Findings for which additional diagnostic testing and/or tissue sampling is recommended"/>
                                 <Property propClass="Reporttext" val="3 month LDCT; PET/CT may be used when there is aÂ â‰¥Â 8 mm solid component"/>
                                 <CodedValue>
                                    <Code val="RID50139"/>
                                    <CodeText val="Lung-RADS 4A"/>
                                 </CodedValue>
                              </ListItem>
                              <ListItem title="4B - chest CT with or without contrast, PET/CT and/or tissue sampling depending on the *probability of malignancy and comorbidities. PET/CT may be used when there is aÂ â‰¥Â 8 mm solid component" ID="000121">
                                 <Property propClass="meta" val="Suspicious"/>
                                 <Property propClass="Reporttext" val="Findings for which additional diagnostic testing and/or tissue sampling is recommended"/>
                                 <Property propClass="Reporttext" val="chest CT with or without contrast, PET/CT and/or tissue sampling depending on the *probability of malignancy and comorbidities. PET/CT may be used when there is aÂ â‰¥Â 8 mm solid component."/>
                                 <CodedValue>
                                    <Code val="RID50140"/>
                                    <CodeText val="Lung-RADS 4B"/>
                                 </CodedValue>
                              </ListItem>
                              <ListItem title="4X - chest CT with or without contrast, PET/CT and/or tissue sampling depending on the *probability of malignancy and comorbidities. PET/CT may be used when there is a â‰¥Â 8 mm solid component" ID="000122">
                                 <Property propClass="meta" val="Suspicious"/>
                                 <Property propClass="Reporttext" val="Findings for which additional diagnostic testing and/or tissue sampling is recommended"/>
                                 <Property propClass="Reporttext" val="chest CT with or without contrast, PET/CT and/or tissue sampling depending on the *probability of malignancy and comorbidities. PET/CT may be used when there is a â‰¥Â 8 mm solid component."/>
                                 <CodedValue>
                                    <Code val="RID50141"/>
                                    <CodeText val="Lung-RADS 4X"/>
                                 </CodedValue>
                              </ListItem>
                           </List>
                        </ListField>
                     </Question>
                  </ChildItems>
               </Section>
               <Question title="Modifiers:" ID="000123">
                  <Property propClass="numbering" val="3."/>
                  <ListField>
                     <DefaultCodeSystem>
                        <CodeSystemName val="RADLEX"/>
                        <OID val="2.16.840.1.113883.6.256"/>
                     </DefaultCodeSystem>
                     <List>
                        <ListItem title="S - Incidental Finding(s):" ID="000124">
                           <CodedValue>
                              <Code val="RID50142"/>
                              <CodeText val="Incidental Findings"/>
                           </CodedValue>
                           <ListItemResponseField>
                              <Response>
                                 <string val=""/>
                              </Response>
                              <TextAfterResponse val="(reiterate incidental finding)"/>
                           </ListItemResponseField>
                           <ChildItems>
                              <Question title="Follow-up recommendations for Incidental Finding:" ID="000126">
                                 <CodedValue>
                                    <Code val="RID50143"/>
                                    <CodeText val="Recommendation based on incidental finding"/>
                                 </CodedValue>
                                 <ResponseField>
                                    <Response>
                                       <string val=""/>
                                    </Response>
                                 </ResponseField>
                              </Question>
                           </ChildItems>
                        </ListItem>
                        <ListItem title="C - Previous lung cancer:" ID="000128">
                           <CodedValue>
                              <Code val="RID45686"/>
                              <CodeText val="Lung Cancer"/>
                           </CodedValue>
                        </ListItem>
                     </List>
                  </ListField>
               </Question>
               <Question title="+Other Comments" ID="000129">
                  <Property propClass="numbering" val="4."/>
                  <ResponseField>
                     <Response>
                        <string val=""/>
                     </Response>
                  </ResponseField>
               </Question>
            </ChildItems>
         </Section>
      </ChildItems>
   </Body>
   <Footer styleClass="left" ID="Footer.1a" title="Footer">
      <Property propClass="Reporttext" val="+ Data elements preceded with this symbol are optional"/>
   </Footer>
</FormDesign>
