<?xml version='1.0' encoding='UTF-8'?><!-- Published by JAX-WS RI (http://jax-ws.java.net). RI's version is Metro/2.3.2-b608 (trunk-7979; 2015-01-21T12:50:19+0000) JAXWS-RI/2.2.11-b150120.1832 JAXWS-API/2.2.12 JAXB-RI/2.2.12-b141219.1637 JAXB-API/2.2.13-b141020.1521 svn-revision#unknown. --><!-- Generated by JAX-WS RI (http://jax-ws.java.net). RI's version is Metro/2.3.2-b608 (trunk-7979; 2015-01-21T12:50:19+0000) JAXWS-RI/2.2.11-b150120.1832 JAXWS-API/2.2.12 JAXB-RI/2.2.12-b141219.1637 JAXB-API/2.2.13-b141020.1521 svn-revision#unknown. --><definitions xmlns:wsu="http://docs.oasis-open.org/wss/2004/01/oasis-200401-wss-wssecurity-utility-1.0.xsd" xmlns:wsp="http://www.w3.org/ns/ws-policy" xmlns:wsp1_2="http://schemas.xmlsoap.org/ws/2004/09/policy" xmlns:wsam="http://www.w3.org/2007/05/addressing/metadata" xmlns:soap12="http://schemas.xmlsoap.org/wsdl/soap12/" xmlns:tns="urn:ihe:iti:rfd:2007" xmlns:xsd="http://www.w3.org/2001/XMLSchema" xmlns="http://schemas.xmlsoap.org/wsdl/" targetNamespace="urn:ihe:iti:rfd:2007" name="RFDFormManager_Service">
<types>
<!--
<xsd:schema>
<xsd:import namespace="urn:ihe:qrph:sdc:2016" schemaLocation="../schema/sdc/sdcpackage.xsd"/>
</xsd:schema>
-->
<xsd:schema>
<xsd:import namespace="urn:ihe:iti:rfd:2007" schemaLocation="../schema/rfd/rfd_jb.xsd"/>
</xsd:schema>
</types>
<message name="RFDFormManager_RetrieveClarification">
<part name="body" element="tns:RetrieveClarificationRequest"/>
</message>
<message name="RFDFormManager_RetrieveClarificationResponse">
<part name="body" element="tns:RetrieveClarificationResponse"/>
</message>
<message name="RFDFormManager_RetrieveForm">
<part name="body" element="tns:RetrieveFormRequest"/>
</message>
<message name="RFDFormManager_RetrieveFormResponse">
<part name="body" element="tns:RetrieveFormResponse"/>
</message>
<portType name="RFDFormManager_PortType">
<operation name="RFDFormManager_RetrieveClarification">
<input wsam:Action="urn:ihe:iti:2007:RetrieveClarification" message="tns:RFDFormManager_RetrieveClarification"/>
<output wsam:Action="urn:ihe:iti:rfd:2007:RFDFormManager_PortType:RFDFormManager_RetrieveClarificationResponse" message="tns:RFDFormManager_RetrieveClarificationResponse"/>
</operation>
<operation name="RFDFormManager_RetrieveForm">
<input wsam:Action="urn:ihe:iti:2007:RetrieveForm" message="tns:RFDFormManager_RetrieveForm"/>
<output wsam:Action="urn:ihe:iti:rfd:2007:RFDFormManager_PortType:RFDFormManager_RetrieveFormResponse" message="tns:RFDFormManager_RetrieveFormResponse"/>
</operation>
</portType>
<binding name="RFDFormManager_Port_Soap12Binding" type="tns:RFDFormManager_PortType">
<soap12:binding transport="http://schemas.xmlsoap.org/soap/http" style="document"/>
<operation name="RFDFormManager_RetrieveClarification">
<soap12:operation soapAction="urn:ihe:iti:2007:RetrieveClarification"/>
<input>
<soap12:body use="literal"/>
</input>
<output>
<soap12:body use="literal"/>
</output>
</operation>
<operation name="RFDFormManager_RetrieveForm">
<soap12:operation soapAction="urn:ihe:iti:2007:RetrieveForm"/>
<input>
<soap12:body use="literal"/>
</input>
<output>
<soap12:body use="literal"/>
</output>
</operation>
</binding>
<service name="RFDFormManager_Service">
<port name="RFDFormManager_Port_Soap12" binding="tns:RFDFormManager_Port_Soap12Binding">
<soap12:address location="http://sdsdemo2.jbsinternational.com:80/Ihe/FormManager_Port_Soap12"/>
</port>
</service>
</definitions>