<?xml version='1.0' encoding='utf - 8'?>
                            <soap:Envelope xmlns:soap = 'http://www.w3.org/2003/05/soap-envelope' 
                                           xmlns:urn = 'urn:ihe:iti:rfd:2007'>
                            <soap:Header/>
                                <soap:Body>
                                    <urn:RetrieveFormRequest>
                                        <urn:prepopData>
                                        </urn:prepopData>
                                        <urn:workflowData>
                                            <urn:formID>Adrenal</urn:formID >
                                            <urn:encodedResponse responseContentType='application/xml+sdc'>true</urn:encodedResponse >
                                            <urn:archiveURL>?</urn:archiveURL>
                                            <urn:context></urn:context>
                                            <urn:instanceID>?</urn:instanceID>
                                       </urn:workflowData>
                                    </urn:RetrieveFormRequest>
                                </soap:Body>
                            </soap:Envelope>